<?xml version="1.0" encoding="utf-8"?><feed xmlns="http://www.w3.org/2005/Atom" ><generator uri="https://jekyllrb.com/" version="3.8.7">Jekyll</generator><link href="http://localhost:4000/test/index.xml" rel="self" type="application/atom+xml" /><link href="http://localhost:4000/test/" rel="alternate" type="text/html" /><updated>2020-06-19T16:30:55+01:00</updated><id>http://localhost:4000/test/index.xml</id><title type="html">Doxy - Documentation Website</title><subtitle>Doxy is a responsive Jekyll template for your documentation or knowledgebase website</subtitle><entry><title type="html">Welcome to Jekyll!</title><link href="http://localhost:4000/test/welcome-to-jekyll/" rel="alternate" type="text/html" title="Welcome to Jekyll!" /><published>2020-06-19T10:59:44+01:00</published><updated>2020-06-19T10:59:44+01:00</updated><id>http://localhost:4000/test/welcome-to-jekyll</id><content type="html" xml:base="http://localhost:4000/test/welcome-to-jekyll/">&lt;p&gt;You’ll find this post in your &lt;code class=&quot;language-plaintext highlighter-rouge&quot;&gt;_posts&lt;/code&gt; directory. Go ahead and edit it and re-build the site to see your changes. You can rebuild the site in many different ways, but the most common way is to run &lt;code class=&quot;language-plaintext highlighter-rouge&quot;&gt;jekyll serve&lt;/code&gt;, which launches a web server and auto-regenerates your site when a file is updated.&lt;/p&gt;

&lt;p&gt;To add new posts, simply add a file in the &lt;code class=&quot;language-plaintext highlighter-rouge&quot;&gt;_posts&lt;/code&gt; directory that follows the convention &lt;code class=&quot;language-plaintext highlighter-rouge&quot;&gt;YYYY-MM-DD-name-of-post.ext&lt;/code&gt; and includes the necessary front matter. Take a look at the source for this post to get an idea about how it works.&lt;/p&gt;

&lt;p&gt;Jekyll also offers powerful support for code snippets:&lt;/p&gt;

&lt;figure class=&quot;highlight&quot;&gt;&lt;pre&gt;&lt;code class=&quot;language-ruby&quot; data-lang=&quot;ruby&quot;&gt;&lt;span class=&quot;k&quot;&gt;def&lt;/span&gt; &lt;span class=&quot;nf&quot;&gt;print_hi&lt;/span&gt;&lt;span class=&quot;p&quot;&gt;(&lt;/span&gt;&lt;span class=&quot;nb&quot;&gt;name&lt;/span&gt;&lt;span class=&quot;p&quot;&gt;)&lt;/span&gt;
  &lt;span class=&quot;nb&quot;&gt;puts&lt;/span&gt; &lt;span class=&quot;s2&quot;&gt;&quot;Hi, &lt;/span&gt;&lt;span class=&quot;si&quot;&gt;#{&lt;/span&gt;&lt;span class=&quot;nb&quot;&gt;name&lt;/span&gt;&lt;span class=&quot;si&quot;&gt;}&lt;/span&gt;&lt;span class=&quot;s2&quot;&gt;&quot;&lt;/span&gt;
&lt;span class=&quot;k&quot;&gt;end&lt;/span&gt;
&lt;span class=&quot;n&quot;&gt;print_hi&lt;/span&gt;&lt;span class=&quot;p&quot;&gt;(&lt;/span&gt;&lt;span class=&quot;s1&quot;&gt;'Tom'&lt;/span&gt;&lt;span class=&quot;p&quot;&gt;)&lt;/span&gt;
&lt;span class=&quot;c1&quot;&gt;#=&amp;gt; prints 'Hi, Tom' to STDOUT.&lt;/span&gt;&lt;/code&gt;&lt;/pre&gt;&lt;/figure&gt;

&lt;p&gt;Check out the &lt;a href=&quot;https://jekyllrb.com/docs/home&quot;&gt;Jekyll docs&lt;/a&gt; for more info on how to get the most out of Jekyll. File all bugs/feature requests at &lt;a href=&quot;https://github.com/jekyll/jekyll&quot;&gt;Jekyll’s GitHub repo&lt;/a&gt;. If you have questions, you can ask them on &lt;a href=&quot;https://talk.jekyllrb.com/&quot;&gt;Jekyll Talk&lt;/a&gt;.&lt;/p&gt;</content><author><name></name></author><summary type="html">You’ll find this post in your _posts directory. Go ahead and edit it and re-build the site to see your changes. You can rebuild the site in many different ways, but the most common way is to run jekyll serve, which launches a web server and auto-regenerates your site when a file is updated.</summary></entry><entry><title type="html">What To Remember While Hiring a Web ?</title><link href="http://localhost:4000/test/welcome-to-jekyll/" rel="alternate" type="text/html" title="What To Remember While Hiring a Web ?" /><published>2019-01-17T12:51:30+00:00</published><updated>2019-01-17T12:51:30+00:00</updated><id>http://localhost:4000/test/welcome-to-jekyll</id><content type="html" xml:base="http://localhost:4000/test/welcome-to-jekyll/">&lt;p&gt;Jekyll is a simple, blog-aware, static site generator. It takes a template directory containing raw text files in various formats, runs it through a converter (like Markdown) and our Liquid renderer, and spits out a complete, ready-to-publish static website suitable for serving with your favorite web server.&lt;/p&gt;

&lt;p&gt;If you already have a full Ruby development environment with all headers and RubyGems installed, you can create a new Jekyll site by doing the following:&lt;/p&gt;

&lt;h2 id=&quot;how-to-install&quot;&gt;How to install&lt;/h2&gt;

&lt;div class=&quot;language-bash highlighter-rouge&quot;&gt;&lt;div class=&quot;highlight&quot;&gt;&lt;pre class=&quot;highlight&quot;&gt;&lt;code&gt;&lt;span class=&quot;c&quot;&gt;# Install Jekyll and Bundler gems through RubyGems&lt;/span&gt;
~ &lt;span class=&quot;nv&quot;&gt;$ &lt;/span&gt;gem &lt;span class=&quot;nb&quot;&gt;install &lt;/span&gt;jekyll bundler

&lt;span class=&quot;c&quot;&gt;# Create a new Jekyll site at ./myblog&lt;/span&gt;
~ &lt;span class=&quot;nv&quot;&gt;$ &lt;/span&gt;jekyll new myblog

&lt;span class=&quot;c&quot;&gt;# Change into your new directory&lt;/span&gt;
~ &lt;span class=&quot;nv&quot;&gt;$ &lt;/span&gt;&lt;span class=&quot;nb&quot;&gt;cd &lt;/span&gt;myblog

&lt;span class=&quot;c&quot;&gt;# Build the site on the preview server&lt;/span&gt;
~/myblog &lt;span class=&quot;nv&quot;&gt;$ &lt;/span&gt;bundle &lt;span class=&quot;nb&quot;&gt;exec &lt;/span&gt;jekyll serve

&lt;span class=&quot;c&quot;&gt;# Now browse to http://localhost:4000&lt;/span&gt;
&lt;/code&gt;&lt;/pre&gt;&lt;/div&gt;&lt;/div&gt;

&lt;h2 id=&quot;next-steps&quot;&gt;Next steps&lt;/h2&gt;

&lt;p&gt;Building a Jekyll site with the default theme is just the first step. The real magic happens when you start creating blog posts, using the front matter to control templates and layouts, and taking advantage of all the awesome configuration options Jekyll makes available.&lt;/p&gt;

&lt;h2 id=&quot;basic-usage&quot;&gt;Basic usage&lt;/h2&gt;

&lt;p&gt;The Jekyll gem makes a &lt;code class=&quot;language-plaintext highlighter-rouge&quot;&gt;jekyll&lt;/code&gt; executable available to you in your Terminal window. You can use this command in a number of ways:&lt;/p&gt;

&lt;div class=&quot;language-bash highlighter-rouge&quot;&gt;&lt;div class=&quot;highlight&quot;&gt;&lt;pre class=&quot;highlight&quot;&gt;&lt;code&gt;&lt;span class=&quot;nv&quot;&gt;$ &lt;/span&gt;jekyll build
&lt;span class=&quot;c&quot;&gt;# =&amp;gt; The current folder will be generated into ./_site&lt;/span&gt;

&lt;span class=&quot;nv&quot;&gt;$ &lt;/span&gt;jekyll build &lt;span class=&quot;nt&quot;&gt;--destination&lt;/span&gt; &amp;lt;destination&amp;gt;
&lt;span class=&quot;c&quot;&gt;# =&amp;gt; The current folder will be generated into &amp;lt;destination&amp;gt;&lt;/span&gt;

&lt;span class=&quot;nv&quot;&gt;$ &lt;/span&gt;jekyll build &lt;span class=&quot;nt&quot;&gt;--source&lt;/span&gt; &amp;lt;&lt;span class=&quot;nb&quot;&gt;source&lt;/span&gt;&lt;span class=&quot;o&quot;&gt;&amp;gt;&lt;/span&gt; &lt;span class=&quot;nt&quot;&gt;--destination&lt;/span&gt; &amp;lt;destination&amp;gt;
&lt;span class=&quot;c&quot;&gt;# =&amp;gt; The &amp;lt;source&amp;gt; folder will be generated into &amp;lt;destination&amp;gt;&lt;/span&gt;

&lt;span class=&quot;nv&quot;&gt;$ &lt;/span&gt;jekyll build &lt;span class=&quot;nt&quot;&gt;--watch&lt;/span&gt;
&lt;span class=&quot;c&quot;&gt;# =&amp;gt; The current folder will be generated into ./_site,&lt;/span&gt;
&lt;span class=&quot;c&quot;&gt;#    watched for changes, and regenerated automatically.&lt;/span&gt;
&lt;/code&gt;&lt;/pre&gt;&lt;/div&gt;&lt;/div&gt;

&lt;h2 id=&quot;directory-structure&quot;&gt;Directory structure&lt;/h2&gt;

&lt;p&gt;Jekyll is, at its core, a text transformation engine. The concept behind the system is this: you give it text written in your favorite markup language, be that Markdown, Textile, or just plain HTML, and it churns that through a layout or a series of layout files. Throughout that process you can tweak how you want the site URLs to look, what data gets displayed in the layout, and more. This is all done through editing text files; the static web site is the final product.&lt;/p&gt;

&lt;p&gt;A basic Jekyll site usually looks something like this:&lt;/p&gt;

&lt;div class=&quot;language-bash highlighter-rouge&quot;&gt;&lt;div class=&quot;highlight&quot;&gt;&lt;pre class=&quot;highlight&quot;&gt;&lt;code&gt;&lt;span class=&quot;nb&quot;&gt;.&lt;/span&gt;
├── _config.yml
├── _data
|   └── members.yml
├── _drafts
|   ├── begin-with-the-crazy-ideas.md
|   └── on-simplicity-in-technology.md
├── _includes
|   ├── footer.html
|   └── header.html
├── _layouts
|   ├── default.html
|   └── post.html
├── _posts
|   ├── 2007-10-29-why-every-programmer-should-play-nethack.md
|   └── 2009-04-26-barcamp-boston-4-roundup.md
├── _sass
|   ├── _base.scss
|   └── _layout.scss
├── _site
├── .jekyll-metadata
└── index.html &lt;span class=&quot;c&quot;&gt;# can also be an 'index.md' with valid YAML Frontmatter&lt;/span&gt;
&lt;/code&gt;&lt;/pre&gt;&lt;/div&gt;&lt;/div&gt;

&lt;h2 id=&quot;front-matter&quot;&gt;Front matter&lt;/h2&gt;

&lt;p&gt;The front matter is where Jekyll starts to get really cool. Any file that contains a YAML front matter block will be processed by Jekyll as a special file. The front matter must be the first thing in the file and must take the form of valid YAML set between triple-dashed lines. Here is a basic example:&lt;/p&gt;

&lt;div class=&quot;language-html highlighter-rouge&quot;&gt;&lt;div class=&quot;highlight&quot;&gt;&lt;pre class=&quot;highlight&quot;&gt;&lt;code&gt;---
layout: post
title: Blogging Like a Hacker
---
&lt;/code&gt;&lt;/pre&gt;&lt;/div&gt;&lt;/div&gt;

&lt;p&gt;Between these triple-dashed lines, you can set predefined variables (see below for a reference) or even create custom ones of your own. These variables will then be available to you to access using Liquid tags both further down in the file and also in any layouts or includes that the page or post in question relies on.&lt;/p&gt;

&lt;p&gt;&lt;img src=&quot;https://images.unsplash.com/photo-1481487196290-c152efe083f5?ixlib=rb-0.3.5&amp;amp;q=80&amp;amp;fm=jpg&amp;amp;crop=entropy&amp;amp;cs=tinysrgb&amp;amp;w=1920&amp;amp;h=1080&amp;amp;fit=crop&amp;amp;s=80308172730757a7db0434987fa985f3&quot; alt=&quot;Example image&quot; /&gt;&lt;/p&gt;

&lt;h2 id=&quot;where-additional-pages-live&quot;&gt;Where additional pages live&lt;/h2&gt;

&lt;p&gt;Where you put HTML or Markdown files for pages depends on how you want the pages to work. There are two main ways of creating pages:&lt;/p&gt;

&lt;ul&gt;
  &lt;li&gt;Place named HTML or Markdown files for each page in your site’s root folder.&lt;/li&gt;
  &lt;li&gt;Place pages inside folders and subfolders named whatever you want.&lt;/li&gt;
&lt;/ul&gt;

&lt;p&gt;Both methods work fine (and can be used in conjunction with each other), with the only real difference being the resulting URLs. By default, pages retain the same folder structure in &lt;code class=&quot;language-plaintext highlighter-rouge&quot;&gt;_site&lt;/code&gt; as they do in the source directory.&lt;/p&gt;</content><author><name></name></author><category term="jekyll" /><category term="update" /><summary type="html">Jekyll is a simple, blog-aware, static site generator. It takes a template directory containing raw text files in various formats, runs it through a converter (like Markdown) and our Liquid renderer, and spits out a complete, ready-to-publish static website suitable for serving with your favorite web server.</summary></entry><entry><title type="html">Blog Post - Left Sidebar</title><link href="http://localhost:4000/test/blog-post-left-sidebar/" rel="alternate" type="text/html" title="Blog Post - Left Sidebar" /><published>2018-12-06T02:14:30+00:00</published><updated>2018-12-06T02:14:30+00:00</updated><id>http://localhost:4000/test/blog-post-left-sidebar</id><content type="html" xml:base="http://localhost:4000/test/blog-post-left-sidebar/">&lt;p&gt;Jekyll is a simple, blog-aware, static site generator. It takes a template directory containing raw text files in various formats, runs it through a converter (like Markdown) and our Liquid renderer, and spits out a complete, ready-to-publish static website suitable for serving with your favorite web server.&lt;/p&gt;

&lt;p&gt;If you already have a full Ruby development environment with all headers and RubyGems installed, you can create a new Jekyll site by doing the following:&lt;/p&gt;

&lt;h2 id=&quot;how-to-install&quot;&gt;How to install&lt;/h2&gt;

&lt;div class=&quot;language-bash highlighter-rouge&quot;&gt;&lt;div class=&quot;highlight&quot;&gt;&lt;pre class=&quot;highlight&quot;&gt;&lt;code&gt;&lt;span class=&quot;c&quot;&gt;# Install Jekyll and Bundler gems through RubyGems&lt;/span&gt;
~ &lt;span class=&quot;nv&quot;&gt;$ &lt;/span&gt;gem &lt;span class=&quot;nb&quot;&gt;install &lt;/span&gt;jekyll bundler

&lt;span class=&quot;c&quot;&gt;# Create a new Jekyll site at ./myblog&lt;/span&gt;
~ &lt;span class=&quot;nv&quot;&gt;$ &lt;/span&gt;jekyll new myblog

&lt;span class=&quot;c&quot;&gt;# Change into your new directory&lt;/span&gt;
~ &lt;span class=&quot;nv&quot;&gt;$ &lt;/span&gt;&lt;span class=&quot;nb&quot;&gt;cd &lt;/span&gt;myblog

&lt;span class=&quot;c&quot;&gt;# Build the site on the preview server&lt;/span&gt;
~/myblog &lt;span class=&quot;nv&quot;&gt;$ &lt;/span&gt;bundle &lt;span class=&quot;nb&quot;&gt;exec &lt;/span&gt;jekyll serve

&lt;span class=&quot;c&quot;&gt;# Now browse to http://localhost:4000&lt;/span&gt;
&lt;/code&gt;&lt;/pre&gt;&lt;/div&gt;&lt;/div&gt;

&lt;h2 id=&quot;next-steps&quot;&gt;Next steps&lt;/h2&gt;

&lt;p&gt;Building a Jekyll site with the default theme is just the first step. The real magic happens when you start creating blog posts, using the front matter to control templates and layouts, and taking advantage of all the awesome configuration options Jekyll makes available.&lt;/p&gt;

&lt;h2 id=&quot;basic-usage&quot;&gt;Basic usage&lt;/h2&gt;

&lt;p&gt;The Jekyll gem makes a &lt;code class=&quot;language-plaintext highlighter-rouge&quot;&gt;jekyll&lt;/code&gt; executable available to you in your Terminal window. You can use this command in a number of ways:&lt;/p&gt;

&lt;div class=&quot;language-bash highlighter-rouge&quot;&gt;&lt;div class=&quot;highlight&quot;&gt;&lt;pre class=&quot;highlight&quot;&gt;&lt;code&gt;&lt;span class=&quot;nv&quot;&gt;$ &lt;/span&gt;jekyll build
&lt;span class=&quot;c&quot;&gt;# =&amp;gt; The current folder will be generated into ./_site&lt;/span&gt;

&lt;span class=&quot;nv&quot;&gt;$ &lt;/span&gt;jekyll build &lt;span class=&quot;nt&quot;&gt;--destination&lt;/span&gt; &amp;lt;destination&amp;gt;
&lt;span class=&quot;c&quot;&gt;# =&amp;gt; The current folder will be generated into &amp;lt;destination&amp;gt;&lt;/span&gt;

&lt;span class=&quot;nv&quot;&gt;$ &lt;/span&gt;jekyll build &lt;span class=&quot;nt&quot;&gt;--source&lt;/span&gt; &amp;lt;&lt;span class=&quot;nb&quot;&gt;source&lt;/span&gt;&lt;span class=&quot;o&quot;&gt;&amp;gt;&lt;/span&gt; &lt;span class=&quot;nt&quot;&gt;--destination&lt;/span&gt; &amp;lt;destination&amp;gt;
&lt;span class=&quot;c&quot;&gt;# =&amp;gt; The &amp;lt;source&amp;gt; folder will be generated into &amp;lt;destination&amp;gt;&lt;/span&gt;

&lt;span class=&quot;nv&quot;&gt;$ &lt;/span&gt;jekyll build &lt;span class=&quot;nt&quot;&gt;--watch&lt;/span&gt;
&lt;span class=&quot;c&quot;&gt;# =&amp;gt; The current folder will be generated into ./_site,&lt;/span&gt;
&lt;span class=&quot;c&quot;&gt;#    watched for changes, and regenerated automatically.&lt;/span&gt;
&lt;/code&gt;&lt;/pre&gt;&lt;/div&gt;&lt;/div&gt;

&lt;h2 id=&quot;directory-structure&quot;&gt;Directory structure&lt;/h2&gt;

&lt;p&gt;Jekyll is, at its core, a text transformation engine. The concept behind the system is this: you give it text written in your favorite markup language, be that Markdown, Textile, or just plain HTML, and it churns that through a layout or a series of layout files. Throughout that process you can tweak how you want the site URLs to look, what data gets displayed in the layout, and more. This is all done through editing text files; the static web site is the final product.&lt;/p&gt;

&lt;p&gt;A basic Jekyll site usually looks something like this:&lt;/p&gt;

&lt;div class=&quot;language-bash highlighter-rouge&quot;&gt;&lt;div class=&quot;highlight&quot;&gt;&lt;pre class=&quot;highlight&quot;&gt;&lt;code&gt;&lt;span class=&quot;nb&quot;&gt;.&lt;/span&gt;
├── _config.yml
├── _data
|   └── members.yml
├── _drafts
|   ├── begin-with-the-crazy-ideas.md
|   └── on-simplicity-in-technology.md
├── _includes
|   ├── footer.html
|   └── header.html
├── _layouts
|   ├── default.html
|   └── post.html
├── _posts
|   ├── 2007-10-29-why-every-programmer-should-play-nethack.md
|   └── 2009-04-26-barcamp-boston-4-roundup.md
├── _sass
|   ├── _base.scss
|   └── _layout.scss
├── _site
├── .jekyll-metadata
└── index.html &lt;span class=&quot;c&quot;&gt;# can also be an 'index.md' with valid YAML Frontmatter&lt;/span&gt;
&lt;/code&gt;&lt;/pre&gt;&lt;/div&gt;&lt;/div&gt;

&lt;h2 id=&quot;front-matter&quot;&gt;Front matter&lt;/h2&gt;

&lt;p&gt;The front matter is where Jekyll starts to get really cool. Any file that contains a YAML front matter block will be processed by Jekyll as a special file. The front matter must be the first thing in the file and must take the form of valid YAML set between triple-dashed lines. Here is a basic example:&lt;/p&gt;

&lt;div class=&quot;language-html highlighter-rouge&quot;&gt;&lt;div class=&quot;highlight&quot;&gt;&lt;pre class=&quot;highlight&quot;&gt;&lt;code&gt;---
layout: post
title: Blogging Like a Hacker
---
&lt;/code&gt;&lt;/pre&gt;&lt;/div&gt;&lt;/div&gt;

&lt;p&gt;Between these triple-dashed lines, you can set predefined variables (see below for a reference) or even create custom ones of your own. These variables will then be available to you to access using Liquid tags both further down in the file and also in any layouts or includes that the page or post in question relies on.&lt;/p&gt;

&lt;p&gt;&lt;img src=&quot;https://images.unsplash.com/photo-1481487196290-c152efe083f5?ixlib=rb-0.3.5&amp;amp;q=80&amp;amp;fm=jpg&amp;amp;crop=entropy&amp;amp;cs=tinysrgb&amp;amp;w=1920&amp;amp;h=1080&amp;amp;fit=crop&amp;amp;s=80308172730757a7db0434987fa985f3&quot; alt=&quot;Example image&quot; /&gt;&lt;/p&gt;

&lt;h2 id=&quot;where-additional-pages-live&quot;&gt;Where additional pages live&lt;/h2&gt;

&lt;p&gt;Where you put HTML or Markdown files for pages depends on how you want the pages to work. There are two main ways of creating pages:&lt;/p&gt;

&lt;ul&gt;
  &lt;li&gt;Place named HTML or Markdown files for each page in your site’s root folder.&lt;/li&gt;
  &lt;li&gt;Place pages inside folders and subfolders named whatever you want.&lt;/li&gt;
&lt;/ul&gt;

&lt;p&gt;Both methods work fine (and can be used in conjunction with each other), with the only real difference being the resulting URLs. By default, pages retain the same folder structure in &lt;code class=&quot;language-plaintext highlighter-rouge&quot;&gt;_site&lt;/code&gt; as they do in the source directory.&lt;/p&gt;</content><author><name></name></author><category term="education" /><summary type="html">Jekyll is a simple, blog-aware, static site generator. It takes a template directory containing raw text files in various formats, runs it through a converter (like Markdown) and our Liquid renderer, and spits out a complete, ready-to-publish static website suitable for serving with your favorite web server.</summary></entry><entry><title type="html">Blog Post - Right Sidebar</title><link href="http://localhost:4000/test/blog-post-right-sidebar/" rel="alternate" type="text/html" title="Blog Post - Right Sidebar" /><published>2018-12-05T02:14:30+00:00</published><updated>2018-12-05T02:14:30+00:00</updated><id>http://localhost:4000/test/blog-post-right-sidebar</id><content type="html" xml:base="http://localhost:4000/test/blog-post-right-sidebar/">&lt;p&gt;Jekyll is a simple, blog-aware, static site generator. It takes a template directory containing raw text files in various formats, runs it through a converter (like Markdown) and our Liquid renderer, and spits out a complete, ready-to-publish static website suitable for serving with your favorite web server.&lt;/p&gt;

&lt;p&gt;If you already have a full Ruby development environment with all headers and RubyGems installed, you can create a new Jekyll site by doing the following:&lt;/p&gt;

&lt;h2 id=&quot;how-to-install&quot;&gt;How to install&lt;/h2&gt;

&lt;div class=&quot;language-bash highlighter-rouge&quot;&gt;&lt;div class=&quot;highlight&quot;&gt;&lt;pre class=&quot;highlight&quot;&gt;&lt;code&gt;&lt;span class=&quot;c&quot;&gt;# Install Jekyll and Bundler gems through RubyGems&lt;/span&gt;
~ &lt;span class=&quot;nv&quot;&gt;$ &lt;/span&gt;gem &lt;span class=&quot;nb&quot;&gt;install &lt;/span&gt;jekyll bundler

&lt;span class=&quot;c&quot;&gt;# Create a new Jekyll site at ./myblog&lt;/span&gt;
~ &lt;span class=&quot;nv&quot;&gt;$ &lt;/span&gt;jekyll new myblog

&lt;span class=&quot;c&quot;&gt;# Change into your new directory&lt;/span&gt;
~ &lt;span class=&quot;nv&quot;&gt;$ &lt;/span&gt;&lt;span class=&quot;nb&quot;&gt;cd &lt;/span&gt;myblog

&lt;span class=&quot;c&quot;&gt;# Build the site on the preview server&lt;/span&gt;
~/myblog &lt;span class=&quot;nv&quot;&gt;$ &lt;/span&gt;bundle &lt;span class=&quot;nb&quot;&gt;exec &lt;/span&gt;jekyll serve

&lt;span class=&quot;c&quot;&gt;# Now browse to http://localhost:4000&lt;/span&gt;
&lt;/code&gt;&lt;/pre&gt;&lt;/div&gt;&lt;/div&gt;

&lt;h2 id=&quot;next-steps&quot;&gt;Next steps&lt;/h2&gt;

&lt;p&gt;Building a Jekyll site with the default theme is just the first step. The real magic happens when you start creating blog posts, using the front matter to control templates and layouts, and taking advantage of all the awesome configuration options Jekyll makes available.&lt;/p&gt;

&lt;h2 id=&quot;basic-usage&quot;&gt;Basic usage&lt;/h2&gt;

&lt;p&gt;The Jekyll gem makes a &lt;code class=&quot;language-plaintext highlighter-rouge&quot;&gt;jekyll&lt;/code&gt; executable available to you in your Terminal window. You can use this command in a number of ways:&lt;/p&gt;

&lt;div class=&quot;language-bash highlighter-rouge&quot;&gt;&lt;div class=&quot;highlight&quot;&gt;&lt;pre class=&quot;highlight&quot;&gt;&lt;code&gt;&lt;span class=&quot;nv&quot;&gt;$ &lt;/span&gt;jekyll build
&lt;span class=&quot;c&quot;&gt;# =&amp;gt; The current folder will be generated into ./_site&lt;/span&gt;

&lt;span class=&quot;nv&quot;&gt;$ &lt;/span&gt;jekyll build &lt;span class=&quot;nt&quot;&gt;--destination&lt;/span&gt; &amp;lt;destination&amp;gt;
&lt;span class=&quot;c&quot;&gt;# =&amp;gt; The current folder will be generated into &amp;lt;destination&amp;gt;&lt;/span&gt;

&lt;span class=&quot;nv&quot;&gt;$ &lt;/span&gt;jekyll build &lt;span class=&quot;nt&quot;&gt;--source&lt;/span&gt; &amp;lt;&lt;span class=&quot;nb&quot;&gt;source&lt;/span&gt;&lt;span class=&quot;o&quot;&gt;&amp;gt;&lt;/span&gt; &lt;span class=&quot;nt&quot;&gt;--destination&lt;/span&gt; &amp;lt;destination&amp;gt;
&lt;span class=&quot;c&quot;&gt;# =&amp;gt; The &amp;lt;source&amp;gt; folder will be generated into &amp;lt;destination&amp;gt;&lt;/span&gt;

&lt;span class=&quot;nv&quot;&gt;$ &lt;/span&gt;jekyll build &lt;span class=&quot;nt&quot;&gt;--watch&lt;/span&gt;
&lt;span class=&quot;c&quot;&gt;# =&amp;gt; The current folder will be generated into ./_site,&lt;/span&gt;
&lt;span class=&quot;c&quot;&gt;#    watched for changes, and regenerated automatically.&lt;/span&gt;
&lt;/code&gt;&lt;/pre&gt;&lt;/div&gt;&lt;/div&gt;

&lt;h2 id=&quot;directory-structure&quot;&gt;Directory structure&lt;/h2&gt;

&lt;p&gt;Jekyll is, at its core, a text transformation engine. The concept behind the system is this: you give it text written in your favorite markup language, be that Markdown, Textile, or just plain HTML, and it churns that through a layout or a series of layout files. Throughout that process you can tweak how you want the site URLs to look, what data gets displayed in the layout, and more. This is all done through editing text files; the static web site is the final product.&lt;/p&gt;

&lt;p&gt;A basic Jekyll site usually looks something like this:&lt;/p&gt;

&lt;div class=&quot;language-bash highlighter-rouge&quot;&gt;&lt;div class=&quot;highlight&quot;&gt;&lt;pre class=&quot;highlight&quot;&gt;&lt;code&gt;&lt;span class=&quot;nb&quot;&gt;.&lt;/span&gt;
├── _config.yml
├── _data
|   └── members.yml
├── _drafts
|   ├── begin-with-the-crazy-ideas.md
|   └── on-simplicity-in-technology.md
├── _includes
|   ├── footer.html
|   └── header.html
├── _layouts
|   ├── default.html
|   └── post.html
├── _posts
|   ├── 2007-10-29-why-every-programmer-should-play-nethack.md
|   └── 2009-04-26-barcamp-boston-4-roundup.md
├── _sass
|   ├── _base.scss
|   └── _layout.scss
├── _site
├── .jekyll-metadata
└── index.html &lt;span class=&quot;c&quot;&gt;# can also be an 'index.md' with valid YAML Frontmatter&lt;/span&gt;
&lt;/code&gt;&lt;/pre&gt;&lt;/div&gt;&lt;/div&gt;

&lt;h2 id=&quot;front-matter&quot;&gt;Front matter&lt;/h2&gt;

&lt;p&gt;The front matter is where Jekyll starts to get really cool. Any file that contains a YAML front matter block will be processed by Jekyll as a special file. The front matter must be the first thing in the file and must take the form of valid YAML set between triple-dashed lines. Here is a basic example:&lt;/p&gt;

&lt;div class=&quot;language-html highlighter-rouge&quot;&gt;&lt;div class=&quot;highlight&quot;&gt;&lt;pre class=&quot;highlight&quot;&gt;&lt;code&gt;---
layout: post
title: Blogging Like a Hacker
---
&lt;/code&gt;&lt;/pre&gt;&lt;/div&gt;&lt;/div&gt;

&lt;p&gt;Between these triple-dashed lines, you can set predefined variables (see below for a reference) or even create custom ones of your own. These variables will then be available to you to access using Liquid tags both further down in the file and also in any layouts or includes that the page or post in question relies on.&lt;/p&gt;

&lt;p&gt;&lt;img src=&quot;https://images.unsplash.com/photo-1481487196290-c152efe083f5?ixlib=rb-0.3.5&amp;amp;q=80&amp;amp;fm=jpg&amp;amp;crop=entropy&amp;amp;cs=tinysrgb&amp;amp;w=1920&amp;amp;h=1080&amp;amp;fit=crop&amp;amp;s=80308172730757a7db0434987fa985f3&quot; alt=&quot;Example image&quot; /&gt;&lt;/p&gt;

&lt;h2 id=&quot;where-additional-pages-live&quot;&gt;Where additional pages live&lt;/h2&gt;

&lt;p&gt;Where you put HTML or Markdown files for pages depends on how you want the pages to work. There are two main ways of creating pages:&lt;/p&gt;

&lt;ul&gt;
  &lt;li&gt;Place named HTML or Markdown files for each page in your site’s root folder.&lt;/li&gt;
  &lt;li&gt;Place pages inside folders and subfolders named whatever you want.&lt;/li&gt;
&lt;/ul&gt;

&lt;p&gt;Both methods work fine (and can be used in conjunction with each other), with the only real difference being the resulting URLs. By default, pages retain the same folder structure in &lt;code class=&quot;language-plaintext highlighter-rouge&quot;&gt;_site&lt;/code&gt; as they do in the source directory.&lt;/p&gt;</content><author><name></name></author><category term="education" /><summary type="html">consectetur adipisicing elit. Suscipit est velit similique laborum, cumque aliquam porro dicta debitis repellat, tempore dignissimos, neque ab fuga voluptatibus.</summary></entry><entry><title type="html">Technology placeat ipsum libero</title><link href="http://localhost:4000/test/technology-placeat-ipsum-libero/" rel="alternate" type="text/html" title="Technology placeat ipsum libero" /><published>2018-12-04T02:14:30+00:00</published><updated>2018-12-04T02:14:30+00:00</updated><id>http://localhost:4000/test/technology-placeat-ipsum-libero</id><content type="html" xml:base="http://localhost:4000/test/technology-placeat-ipsum-libero/">&lt;p&gt;Jekyll is a simple, blog-aware, static site generator. It takes a template directory containing raw text files in various formats, runs it through a converter (like Markdown) and our Liquid renderer, and spits out a complete, ready-to-publish static website suitable for serving with your favorite web server.&lt;/p&gt;

&lt;p&gt;If you already have a full Ruby development environment with all headers and RubyGems installed, you can create a new Jekyll site by doing the following:&lt;/p&gt;

&lt;h2 id=&quot;how-to-install&quot;&gt;How to install&lt;/h2&gt;

&lt;div class=&quot;language-bash highlighter-rouge&quot;&gt;&lt;div class=&quot;highlight&quot;&gt;&lt;pre class=&quot;highlight&quot;&gt;&lt;code&gt;&lt;span class=&quot;c&quot;&gt;# Install Jekyll and Bundler gems through RubyGems&lt;/span&gt;
~ &lt;span class=&quot;nv&quot;&gt;$ &lt;/span&gt;gem &lt;span class=&quot;nb&quot;&gt;install &lt;/span&gt;jekyll bundler

&lt;span class=&quot;c&quot;&gt;# Create a new Jekyll site at ./myblog&lt;/span&gt;
~ &lt;span class=&quot;nv&quot;&gt;$ &lt;/span&gt;jekyll new myblog

&lt;span class=&quot;c&quot;&gt;# Change into your new directory&lt;/span&gt;
~ &lt;span class=&quot;nv&quot;&gt;$ &lt;/span&gt;&lt;span class=&quot;nb&quot;&gt;cd &lt;/span&gt;myblog

&lt;span class=&quot;c&quot;&gt;# Build the site on the preview server&lt;/span&gt;
~/myblog &lt;span class=&quot;nv&quot;&gt;$ &lt;/span&gt;bundle &lt;span class=&quot;nb&quot;&gt;exec &lt;/span&gt;jekyll serve

&lt;span class=&quot;c&quot;&gt;# Now browse to http://localhost:4000&lt;/span&gt;
&lt;/code&gt;&lt;/pre&gt;&lt;/div&gt;&lt;/div&gt;

&lt;h2 id=&quot;next-steps&quot;&gt;Next steps&lt;/h2&gt;

&lt;p&gt;Building a Jekyll site with the default theme is just the first step. The real magic happens when you start creating blog posts, using the front matter to control templates and layouts, and taking advantage of all the awesome configuration options Jekyll makes available.&lt;/p&gt;

&lt;h2 id=&quot;basic-usage&quot;&gt;Basic usage&lt;/h2&gt;

&lt;p&gt;The Jekyll gem makes a &lt;code class=&quot;language-plaintext highlighter-rouge&quot;&gt;jekyll&lt;/code&gt; executable available to you in your Terminal window. You can use this command in a number of ways:&lt;/p&gt;

&lt;div class=&quot;language-bash highlighter-rouge&quot;&gt;&lt;div class=&quot;highlight&quot;&gt;&lt;pre class=&quot;highlight&quot;&gt;&lt;code&gt;&lt;span class=&quot;nv&quot;&gt;$ &lt;/span&gt;jekyll build
&lt;span class=&quot;c&quot;&gt;# =&amp;gt; The current folder will be generated into ./_site&lt;/span&gt;

&lt;span class=&quot;nv&quot;&gt;$ &lt;/span&gt;jekyll build &lt;span class=&quot;nt&quot;&gt;--destination&lt;/span&gt; &amp;lt;destination&amp;gt;
&lt;span class=&quot;c&quot;&gt;# =&amp;gt; The current folder will be generated into &amp;lt;destination&amp;gt;&lt;/span&gt;

&lt;span class=&quot;nv&quot;&gt;$ &lt;/span&gt;jekyll build &lt;span class=&quot;nt&quot;&gt;--source&lt;/span&gt; &amp;lt;&lt;span class=&quot;nb&quot;&gt;source&lt;/span&gt;&lt;span class=&quot;o&quot;&gt;&amp;gt;&lt;/span&gt; &lt;span class=&quot;nt&quot;&gt;--destination&lt;/span&gt; &amp;lt;destination&amp;gt;
&lt;span class=&quot;c&quot;&gt;# =&amp;gt; The &amp;lt;source&amp;gt; folder will be generated into &amp;lt;destination&amp;gt;&lt;/span&gt;

&lt;span class=&quot;nv&quot;&gt;$ &lt;/span&gt;jekyll build &lt;span class=&quot;nt&quot;&gt;--watch&lt;/span&gt;
&lt;span class=&quot;c&quot;&gt;# =&amp;gt; The current folder will be generated into ./_site,&lt;/span&gt;
&lt;span class=&quot;c&quot;&gt;#    watched for changes, and regenerated automatically.&lt;/span&gt;
&lt;/code&gt;&lt;/pre&gt;&lt;/div&gt;&lt;/div&gt;

&lt;h2 id=&quot;directory-structure&quot;&gt;Directory structure&lt;/h2&gt;

&lt;p&gt;Jekyll is, at its core, a text transformation engine. The concept behind the system is this: you give it text written in your favorite markup language, be that Markdown, Textile, or just plain HTML, and it churns that through a layout or a series of layout files. Throughout that process you can tweak how you want the site URLs to look, what data gets displayed in the layout, and more. This is all done through editing text files; the static web site is the final product.&lt;/p&gt;

&lt;p&gt;A basic Jekyll site usually looks something like this:&lt;/p&gt;

&lt;div class=&quot;language-bash highlighter-rouge&quot;&gt;&lt;div class=&quot;highlight&quot;&gt;&lt;pre class=&quot;highlight&quot;&gt;&lt;code&gt;&lt;span class=&quot;nb&quot;&gt;.&lt;/span&gt;
├── _config.yml
├── _data
|   └── members.yml
├── _drafts
|   ├── begin-with-the-crazy-ideas.md
|   └── on-simplicity-in-technology.md
├── _includes
|   ├── footer.html
|   └── header.html
├── _layouts
|   ├── default.html
|   └── post.html
├── _posts
|   ├── 2007-10-29-why-every-programmer-should-play-nethack.md
|   └── 2009-04-26-barcamp-boston-4-roundup.md
├── _sass
|   ├── _base.scss
|   └── _layout.scss
├── _site
├── .jekyll-metadata
└── index.html &lt;span class=&quot;c&quot;&gt;# can also be an 'index.md' with valid YAML Frontmatter&lt;/span&gt;
&lt;/code&gt;&lt;/pre&gt;&lt;/div&gt;&lt;/div&gt;

&lt;h2 id=&quot;front-matter&quot;&gt;Front matter&lt;/h2&gt;

&lt;p&gt;The front matter is where Jekyll starts to get really cool. Any file that contains a YAML front matter block will be processed by Jekyll as a special file. The front matter must be the first thing in the file and must take the form of valid YAML set between triple-dashed lines. Here is a basic example:&lt;/p&gt;

&lt;div class=&quot;language-html highlighter-rouge&quot;&gt;&lt;div class=&quot;highlight&quot;&gt;&lt;pre class=&quot;highlight&quot;&gt;&lt;code&gt;---
layout: post
title: Blogging Like a Hacker
---
&lt;/code&gt;&lt;/pre&gt;&lt;/div&gt;&lt;/div&gt;

&lt;p&gt;Between these triple-dashed lines, you can set predefined variables (see below for a reference) or even create custom ones of your own. These variables will then be available to you to access using Liquid tags both further down in the file and also in any layouts or includes that the page or post in question relies on.&lt;/p&gt;

&lt;p&gt;&lt;img src=&quot;https://images.unsplash.com/photo-1481487196290-c152efe083f5?ixlib=rb-0.3.5&amp;amp;q=80&amp;amp;fm=jpg&amp;amp;crop=entropy&amp;amp;cs=tinysrgb&amp;amp;w=1920&amp;amp;h=1080&amp;amp;fit=crop&amp;amp;s=80308172730757a7db0434987fa985f3&quot; alt=&quot;Example image&quot; /&gt;&lt;/p&gt;

&lt;h2 id=&quot;where-additional-pages-live&quot;&gt;Where additional pages live&lt;/h2&gt;

&lt;p&gt;Where you put HTML or Markdown files for pages depends on how you want the pages to work. There are two main ways of creating pages:&lt;/p&gt;

&lt;ul&gt;
  &lt;li&gt;Place named HTML or Markdown files for each page in your site’s root folder.&lt;/li&gt;
  &lt;li&gt;Place pages inside folders and subfolders named whatever you want.&lt;/li&gt;
&lt;/ul&gt;

&lt;p&gt;Both methods work fine (and can be used in conjunction with each other), with the only real difference being the resulting URLs. By default, pages retain the same folder structure in &lt;code class=&quot;language-plaintext highlighter-rouge&quot;&gt;_site&lt;/code&gt; as they do in the source directory.&lt;/p&gt;</content><author><name></name></author><category term="technology" /><summary type="html">neque ab fuga voluptatibus. Earum numquam repellat sed perspiciatis ratione explicabo, odit! Repellendus voluptatibus nemo praesentium, id facere atque eum! sit nonummy tellus velit vivamus,</summary></entry><entry><title type="html">Another consectetur adipisicing elit</title><link href="http://localhost:4000/test/another-consectetur-adipisicing-elit/" rel="alternate" type="text/html" title="Another consectetur adipisicing elit" /><published>2018-12-03T02:14:30+00:00</published><updated>2018-12-03T02:14:30+00:00</updated><id>http://localhost:4000/test/another-consectetur-adipisicing-elit</id><content type="html" xml:base="http://localhost:4000/test/another-consectetur-adipisicing-elit/">&lt;p&gt;Jekyll is a simple, blog-aware, static site generator. It takes a template directory containing raw text files in various formats, runs it through a converter (like Markdown) and our Liquid renderer, and spits out a complete, ready-to-publish static website suitable for serving with your favorite web server.&lt;/p&gt;

&lt;p&gt;If you already have a full Ruby development environment with all headers and RubyGems installed, you can create a new Jekyll site by doing the following:&lt;/p&gt;

&lt;h2 id=&quot;how-to-install&quot;&gt;How to install&lt;/h2&gt;

&lt;div class=&quot;language-bash highlighter-rouge&quot;&gt;&lt;div class=&quot;highlight&quot;&gt;&lt;pre class=&quot;highlight&quot;&gt;&lt;code&gt;&lt;span class=&quot;c&quot;&gt;# Install Jekyll and Bundler gems through RubyGems&lt;/span&gt;
~ &lt;span class=&quot;nv&quot;&gt;$ &lt;/span&gt;gem &lt;span class=&quot;nb&quot;&gt;install &lt;/span&gt;jekyll bundler

&lt;span class=&quot;c&quot;&gt;# Create a new Jekyll site at ./myblog&lt;/span&gt;
~ &lt;span class=&quot;nv&quot;&gt;$ &lt;/span&gt;jekyll new myblog

&lt;span class=&quot;c&quot;&gt;# Change into your new directory&lt;/span&gt;
~ &lt;span class=&quot;nv&quot;&gt;$ &lt;/span&gt;&lt;span class=&quot;nb&quot;&gt;cd &lt;/span&gt;myblog

&lt;span class=&quot;c&quot;&gt;# Build the site on the preview server&lt;/span&gt;
~/myblog &lt;span class=&quot;nv&quot;&gt;$ &lt;/span&gt;bundle &lt;span class=&quot;nb&quot;&gt;exec &lt;/span&gt;jekyll serve

&lt;span class=&quot;c&quot;&gt;# Now browse to http://localhost:4000&lt;/span&gt;
&lt;/code&gt;&lt;/pre&gt;&lt;/div&gt;&lt;/div&gt;

&lt;h2 id=&quot;next-steps&quot;&gt;Next steps&lt;/h2&gt;

&lt;p&gt;Building a Jekyll site with the default theme is just the first step. The real magic happens when you start creating blog posts, using the front matter to control templates and layouts, and taking advantage of all the awesome configuration options Jekyll makes available.&lt;/p&gt;

&lt;h2 id=&quot;basic-usage&quot;&gt;Basic usage&lt;/h2&gt;

&lt;p&gt;The Jekyll gem makes a &lt;code class=&quot;language-plaintext highlighter-rouge&quot;&gt;jekyll&lt;/code&gt; executable available to you in your Terminal window. You can use this command in a number of ways:&lt;/p&gt;

&lt;div class=&quot;language-bash highlighter-rouge&quot;&gt;&lt;div class=&quot;highlight&quot;&gt;&lt;pre class=&quot;highlight&quot;&gt;&lt;code&gt;&lt;span class=&quot;nv&quot;&gt;$ &lt;/span&gt;jekyll build
&lt;span class=&quot;c&quot;&gt;# =&amp;gt; The current folder will be generated into ./_site&lt;/span&gt;

&lt;span class=&quot;nv&quot;&gt;$ &lt;/span&gt;jekyll build &lt;span class=&quot;nt&quot;&gt;--destination&lt;/span&gt; &amp;lt;destination&amp;gt;
&lt;span class=&quot;c&quot;&gt;# =&amp;gt; The current folder will be generated into &amp;lt;destination&amp;gt;&lt;/span&gt;

&lt;span class=&quot;nv&quot;&gt;$ &lt;/span&gt;jekyll build &lt;span class=&quot;nt&quot;&gt;--source&lt;/span&gt; &amp;lt;&lt;span class=&quot;nb&quot;&gt;source&lt;/span&gt;&lt;span class=&quot;o&quot;&gt;&amp;gt;&lt;/span&gt; &lt;span class=&quot;nt&quot;&gt;--destination&lt;/span&gt; &amp;lt;destination&amp;gt;
&lt;span class=&quot;c&quot;&gt;# =&amp;gt; The &amp;lt;source&amp;gt; folder will be generated into &amp;lt;destination&amp;gt;&lt;/span&gt;

&lt;span class=&quot;nv&quot;&gt;$ &lt;/span&gt;jekyll build &lt;span class=&quot;nt&quot;&gt;--watch&lt;/span&gt;
&lt;span class=&quot;c&quot;&gt;# =&amp;gt; The current folder will be generated into ./_site,&lt;/span&gt;
&lt;span class=&quot;c&quot;&gt;#    watched for changes, and regenerated automatically.&lt;/span&gt;
&lt;/code&gt;&lt;/pre&gt;&lt;/div&gt;&lt;/div&gt;

&lt;h2 id=&quot;directory-structure&quot;&gt;Directory structure&lt;/h2&gt;

&lt;p&gt;Jekyll is, at its core, a text transformation engine. The concept behind the system is this: you give it text written in your favorite markup language, be that Markdown, Textile, or just plain HTML, and it churns that through a layout or a series of layout files. Throughout that process you can tweak how you want the site URLs to look, what data gets displayed in the layout, and more. This is all done through editing text files; the static web site is the final product.&lt;/p&gt;

&lt;p&gt;A basic Jekyll site usually looks something like this:&lt;/p&gt;

&lt;div class=&quot;language-bash highlighter-rouge&quot;&gt;&lt;div class=&quot;highlight&quot;&gt;&lt;pre class=&quot;highlight&quot;&gt;&lt;code&gt;&lt;span class=&quot;nb&quot;&gt;.&lt;/span&gt;
├── _config.yml
├── _data
|   └── members.yml
├── _drafts
|   ├── begin-with-the-crazy-ideas.md
|   └── on-simplicity-in-technology.md
├── _includes
|   ├── footer.html
|   └── header.html
├── _layouts
|   ├── default.html
|   └── post.html
├── _posts
|   ├── 2007-10-29-why-every-programmer-should-play-nethack.md
|   └── 2009-04-26-barcamp-boston-4-roundup.md
├── _sass
|   ├── _base.scss
|   └── _layout.scss
├── _site
├── .jekyll-metadata
└── index.html &lt;span class=&quot;c&quot;&gt;# can also be an 'index.md' with valid YAML Frontmatter&lt;/span&gt;
&lt;/code&gt;&lt;/pre&gt;&lt;/div&gt;&lt;/div&gt;

&lt;h2 id=&quot;front-matter&quot;&gt;Front matter&lt;/h2&gt;

&lt;p&gt;The front matter is where Jekyll starts to get really cool. Any file that contains a YAML front matter block will be processed by Jekyll as a special file. The front matter must be the first thing in the file and must take the form of valid YAML set between triple-dashed lines. Here is a basic example:&lt;/p&gt;

&lt;div class=&quot;language-html highlighter-rouge&quot;&gt;&lt;div class=&quot;highlight&quot;&gt;&lt;pre class=&quot;highlight&quot;&gt;&lt;code&gt;---
layout: post
title: Blogging Like a Hacker
---
&lt;/code&gt;&lt;/pre&gt;&lt;/div&gt;&lt;/div&gt;

&lt;p&gt;Between these triple-dashed lines, you can set predefined variables (see below for a reference) or even create custom ones of your own. These variables will then be available to you to access using Liquid tags both further down in the file and also in any layouts or includes that the page or post in question relies on.&lt;/p&gt;

&lt;p&gt;&lt;img src=&quot;https://images.unsplash.com/photo-1481487196290-c152efe083f5?ixlib=rb-0.3.5&amp;amp;q=80&amp;amp;fm=jpg&amp;amp;crop=entropy&amp;amp;cs=tinysrgb&amp;amp;w=1920&amp;amp;h=1080&amp;amp;fit=crop&amp;amp;s=80308172730757a7db0434987fa985f3&quot; alt=&quot;Example image&quot; /&gt;&lt;/p&gt;

&lt;h2 id=&quot;where-additional-pages-live&quot;&gt;Where additional pages live&lt;/h2&gt;

&lt;p&gt;Where you put HTML or Markdown files for pages depends on how you want the pages to work. There are two main ways of creating pages:&lt;/p&gt;

&lt;ul&gt;
  &lt;li&gt;Place named HTML or Markdown files for each page in your site’s root folder.&lt;/li&gt;
  &lt;li&gt;Place pages inside folders and subfolders named whatever you want.&lt;/li&gt;
&lt;/ul&gt;

&lt;p&gt;Both methods work fine (and can be used in conjunction with each other), with the only real difference being the resulting URLs. By default, pages retain the same folder structure in &lt;code class=&quot;language-plaintext highlighter-rouge&quot;&gt;_site&lt;/code&gt; as they do in the source directory.&lt;/p&gt;</content><author><name></name></author><category term="ecommerce" /><category term="shoping" /><summary type="html">Lacinia wisi feugiat tellus neque dui pellentesque, libero Lorem ipsum dolor sit amet, consectetur adipisicing elit.</summary></entry><entry><title type="html">10 essential UI (user-interface) design tips</title><link href="http://localhost:4000/test/10-essential-ui-user-interface-design-tips/" rel="alternate" type="text/html" title="10 essential UI (user-interface) design tips" /><published>2018-12-02T02:14:30+00:00</published><updated>2018-12-02T02:14:30+00:00</updated><id>http://localhost:4000/test/10-essential-ui-user-interface-design-tips</id><content type="html" xml:base="http://localhost:4000/test/10-essential-ui-user-interface-design-tips/">&lt;p&gt;Jekyll is a simple, blog-aware, static site generator. It takes a template directory containing raw text files in various formats, runs it through a converter (like Markdown) and our Liquid renderer, and spits out a complete, ready-to-publish static website suitable for serving with your favorite web server.&lt;/p&gt;

&lt;p&gt;If you already have a full Ruby development environment with all headers and RubyGems installed, you can create a new Jekyll site by doing the following:&lt;/p&gt;

&lt;h2 id=&quot;how-to-install&quot;&gt;How to install&lt;/h2&gt;

&lt;div class=&quot;language-bash highlighter-rouge&quot;&gt;&lt;div class=&quot;highlight&quot;&gt;&lt;pre class=&quot;highlight&quot;&gt;&lt;code&gt;&lt;span class=&quot;c&quot;&gt;# Install Jekyll and Bundler gems through RubyGems&lt;/span&gt;
~ &lt;span class=&quot;nv&quot;&gt;$ &lt;/span&gt;gem &lt;span class=&quot;nb&quot;&gt;install &lt;/span&gt;jekyll bundler

&lt;span class=&quot;c&quot;&gt;# Create a new Jekyll site at ./myblog&lt;/span&gt;
~ &lt;span class=&quot;nv&quot;&gt;$ &lt;/span&gt;jekyll new myblog

&lt;span class=&quot;c&quot;&gt;# Change into your new directory&lt;/span&gt;
~ &lt;span class=&quot;nv&quot;&gt;$ &lt;/span&gt;&lt;span class=&quot;nb&quot;&gt;cd &lt;/span&gt;myblog

&lt;span class=&quot;c&quot;&gt;# Build the site on the preview server&lt;/span&gt;
~/myblog &lt;span class=&quot;nv&quot;&gt;$ &lt;/span&gt;bundle &lt;span class=&quot;nb&quot;&gt;exec &lt;/span&gt;jekyll serve

&lt;span class=&quot;c&quot;&gt;# Now browse to http://localhost:4000&lt;/span&gt;
&lt;/code&gt;&lt;/pre&gt;&lt;/div&gt;&lt;/div&gt;

&lt;h2 id=&quot;next-steps&quot;&gt;Next steps&lt;/h2&gt;

&lt;p&gt;Building a Jekyll site with the default theme is just the first step. The real magic happens when you start creating blog posts, using the front matter to control templates and layouts, and taking advantage of all the awesome configuration options Jekyll makes available.&lt;/p&gt;

&lt;h2 id=&quot;basic-usage&quot;&gt;Basic usage&lt;/h2&gt;

&lt;p&gt;The Jekyll gem makes a &lt;code class=&quot;language-plaintext highlighter-rouge&quot;&gt;jekyll&lt;/code&gt; executable available to you in your Terminal window. You can use this command in a number of ways:&lt;/p&gt;

&lt;div class=&quot;language-bash highlighter-rouge&quot;&gt;&lt;div class=&quot;highlight&quot;&gt;&lt;pre class=&quot;highlight&quot;&gt;&lt;code&gt;&lt;span class=&quot;nv&quot;&gt;$ &lt;/span&gt;jekyll build
&lt;span class=&quot;c&quot;&gt;# =&amp;gt; The current folder will be generated into ./_site&lt;/span&gt;

&lt;span class=&quot;nv&quot;&gt;$ &lt;/span&gt;jekyll build &lt;span class=&quot;nt&quot;&gt;--destination&lt;/span&gt; &amp;lt;destination&amp;gt;
&lt;span class=&quot;c&quot;&gt;# =&amp;gt; The current folder will be generated into &amp;lt;destination&amp;gt;&lt;/span&gt;

&lt;span class=&quot;nv&quot;&gt;$ &lt;/span&gt;jekyll build &lt;span class=&quot;nt&quot;&gt;--source&lt;/span&gt; &amp;lt;&lt;span class=&quot;nb&quot;&gt;source&lt;/span&gt;&lt;span class=&quot;o&quot;&gt;&amp;gt;&lt;/span&gt; &lt;span class=&quot;nt&quot;&gt;--destination&lt;/span&gt; &amp;lt;destination&amp;gt;
&lt;span class=&quot;c&quot;&gt;# =&amp;gt; The &amp;lt;source&amp;gt; folder will be generated into &amp;lt;destination&amp;gt;&lt;/span&gt;

&lt;span class=&quot;nv&quot;&gt;$ &lt;/span&gt;jekyll build &lt;span class=&quot;nt&quot;&gt;--watch&lt;/span&gt;
&lt;span class=&quot;c&quot;&gt;# =&amp;gt; The current folder will be generated into ./_site,&lt;/span&gt;
&lt;span class=&quot;c&quot;&gt;#    watched for changes, and regenerated automatically.&lt;/span&gt;
&lt;/code&gt;&lt;/pre&gt;&lt;/div&gt;&lt;/div&gt;

&lt;h2 id=&quot;directory-structure&quot;&gt;Directory structure&lt;/h2&gt;

&lt;p&gt;Jekyll is, at its core, a text transformation engine. The concept behind the system is this: you give it text written in your favorite markup language, be that Markdown, Textile, or just plain HTML, and it churns that through a layout or a series of layout files. Throughout that process you can tweak how you want the site URLs to look, what data gets displayed in the layout, and more. This is all done through editing text files; the static web site is the final product.&lt;/p&gt;

&lt;p&gt;A basic Jekyll site usually looks something like this:&lt;/p&gt;

&lt;div class=&quot;language-bash highlighter-rouge&quot;&gt;&lt;div class=&quot;highlight&quot;&gt;&lt;pre class=&quot;highlight&quot;&gt;&lt;code&gt;&lt;span class=&quot;nb&quot;&gt;.&lt;/span&gt;
├── _config.yml
├── _data
|   └── members.yml
├── _drafts
|   ├── begin-with-the-crazy-ideas.md
|   └── on-simplicity-in-technology.md
├── _includes
|   ├── footer.html
|   └── header.html
├── _layouts
|   ├── default.html
|   └── post.html
├── _posts
|   ├── 2007-10-29-why-every-programmer-should-play-nethack.md
|   └── 2009-04-26-barcamp-boston-4-roundup.md
├── _sass
|   ├── _base.scss
|   └── _layout.scss
├── _site
├── .jekyll-metadata
└── index.html &lt;span class=&quot;c&quot;&gt;# can also be an 'index.md' with valid YAML Frontmatter&lt;/span&gt;
&lt;/code&gt;&lt;/pre&gt;&lt;/div&gt;&lt;/div&gt;

&lt;h2 id=&quot;front-matter&quot;&gt;Front matter&lt;/h2&gt;

&lt;p&gt;The front matter is where Jekyll starts to get really cool. Any file that contains a YAML front matter block will be processed by Jekyll as a special file. The front matter must be the first thing in the file and must take the form of valid YAML set between triple-dashed lines. Here is a basic example:&lt;/p&gt;

&lt;div class=&quot;language-html highlighter-rouge&quot;&gt;&lt;div class=&quot;highlight&quot;&gt;&lt;pre class=&quot;highlight&quot;&gt;&lt;code&gt;---
layout: post
title: Blogging Like a Hacker
---
&lt;/code&gt;&lt;/pre&gt;&lt;/div&gt;&lt;/div&gt;

&lt;p&gt;Between these triple-dashed lines, you can set predefined variables (see below for a reference) or even create custom ones of your own. These variables will then be available to you to access using Liquid tags both further down in the file and also in any layouts or includes that the page or post in question relies on.&lt;/p&gt;

&lt;p&gt;&lt;img src=&quot;https://images.unsplash.com/photo-1481487196290-c152efe083f5?ixlib=rb-0.3.5&amp;amp;q=80&amp;amp;fm=jpg&amp;amp;crop=entropy&amp;amp;cs=tinysrgb&amp;amp;w=1920&amp;amp;h=1080&amp;amp;fit=crop&amp;amp;s=80308172730757a7db0434987fa985f3&quot; alt=&quot;Example image&quot; /&gt;&lt;/p&gt;

&lt;h2 id=&quot;where-additional-pages-live&quot;&gt;Where additional pages live&lt;/h2&gt;

&lt;p&gt;Where you put HTML or Markdown files for pages depends on how you want the pages to work. There are two main ways of creating pages:&lt;/p&gt;

&lt;ul&gt;
  &lt;li&gt;Place named HTML or Markdown files for each page in your site’s root folder.&lt;/li&gt;
  &lt;li&gt;Place pages inside folders and subfolders named whatever you want.&lt;/li&gt;
&lt;/ul&gt;

&lt;p&gt;Both methods work fine (and can be used in conjunction with each other), with the only real difference being the resulting URLs. By default, pages retain the same folder structure in &lt;code class=&quot;language-plaintext highlighter-rouge&quot;&gt;_site&lt;/code&gt; as they do in the source directory.&lt;/p&gt;</content><author><name>themeix</name></author><category term="ecommerce" /><category term="shoping" /><summary type="html">Sit convallis litora nunc, vestibulum nibh tincidunt, in qui vel dui elit feugiat nulla, vehicula eos nec dolor conubia,</summary></entry><entry><title type="html">11 time-saving pro tips for web designers working in Webflow</title><link href="http://localhost:4000/test/11-time-saving-pro-tips-for-web-designers-working-in-webflow/" rel="alternate" type="text/html" title="11 time-saving pro tips for web designers working in Webflow" /><published>2018-12-01T12:14:30+00:00</published><updated>2018-12-01T12:14:30+00:00</updated><id>http://localhost:4000/test/11-time-saving-pro-tips-for-web-designers-working-in-webflow</id><content type="html" xml:base="http://localhost:4000/test/11-time-saving-pro-tips-for-web-designers-working-in-webflow/">&lt;p&gt;Jekyll is a simple, blog-aware, static site generator. It takes a template directory containing raw text files in various formats, runs it through a converter (like Markdown) and our Liquid renderer, and spits out a complete, ready-to-publish static website suitable for serving with your favorite web server.&lt;/p&gt;

&lt;p&gt;If you already have a full Ruby development environment with all headers and RubyGems installed, you can create a new Jekyll site by doing the following:&lt;/p&gt;

&lt;h2 id=&quot;how-to-install&quot;&gt;How to install&lt;/h2&gt;

&lt;div class=&quot;language-bash highlighter-rouge&quot;&gt;&lt;div class=&quot;highlight&quot;&gt;&lt;pre class=&quot;highlight&quot;&gt;&lt;code&gt;&lt;span class=&quot;c&quot;&gt;# Install Jekyll and Bundler gems through RubyGems&lt;/span&gt;
~ &lt;span class=&quot;nv&quot;&gt;$ &lt;/span&gt;gem &lt;span class=&quot;nb&quot;&gt;install &lt;/span&gt;jekyll bundler

&lt;span class=&quot;c&quot;&gt;# Create a new Jekyll site at ./myblog&lt;/span&gt;
~ &lt;span class=&quot;nv&quot;&gt;$ &lt;/span&gt;jekyll new myblog

&lt;span class=&quot;c&quot;&gt;# Change into your new directory&lt;/span&gt;
~ &lt;span class=&quot;nv&quot;&gt;$ &lt;/span&gt;&lt;span class=&quot;nb&quot;&gt;cd &lt;/span&gt;myblog

&lt;span class=&quot;c&quot;&gt;# Build the site on the preview server&lt;/span&gt;
~/myblog &lt;span class=&quot;nv&quot;&gt;$ &lt;/span&gt;bundle &lt;span class=&quot;nb&quot;&gt;exec &lt;/span&gt;jekyll serve

&lt;span class=&quot;c&quot;&gt;# Now browse to http://localhost:4000&lt;/span&gt;
&lt;/code&gt;&lt;/pre&gt;&lt;/div&gt;&lt;/div&gt;

&lt;h2 id=&quot;next-steps&quot;&gt;Next steps&lt;/h2&gt;

&lt;p&gt;Building a Jekyll site with the default theme is just the first step. The real magic happens when you start creating blog posts, using the front matter to control templates and layouts, and taking advantage of all the awesome configuration options Jekyll makes available.&lt;/p&gt;

&lt;h2 id=&quot;basic-usage&quot;&gt;Basic usage&lt;/h2&gt;

&lt;p&gt;The Jekyll gem makes a &lt;code class=&quot;language-plaintext highlighter-rouge&quot;&gt;jekyll&lt;/code&gt; executable available to you in your Terminal window. You can use this command in a number of ways:&lt;/p&gt;

&lt;div class=&quot;language-bash highlighter-rouge&quot;&gt;&lt;div class=&quot;highlight&quot;&gt;&lt;pre class=&quot;highlight&quot;&gt;&lt;code&gt;&lt;span class=&quot;nv&quot;&gt;$ &lt;/span&gt;jekyll build
&lt;span class=&quot;c&quot;&gt;# =&amp;gt; The current folder will be generated into ./_site&lt;/span&gt;

&lt;span class=&quot;nv&quot;&gt;$ &lt;/span&gt;jekyll build &lt;span class=&quot;nt&quot;&gt;--destination&lt;/span&gt; &amp;lt;destination&amp;gt;
&lt;span class=&quot;c&quot;&gt;# =&amp;gt; The current folder will be generated into &amp;lt;destination&amp;gt;&lt;/span&gt;

&lt;span class=&quot;nv&quot;&gt;$ &lt;/span&gt;jekyll build &lt;span class=&quot;nt&quot;&gt;--source&lt;/span&gt; &amp;lt;&lt;span class=&quot;nb&quot;&gt;source&lt;/span&gt;&lt;span class=&quot;o&quot;&gt;&amp;gt;&lt;/span&gt; &lt;span class=&quot;nt&quot;&gt;--destination&lt;/span&gt; &amp;lt;destination&amp;gt;
&lt;span class=&quot;c&quot;&gt;# =&amp;gt; The &amp;lt;source&amp;gt; folder will be generated into &amp;lt;destination&amp;gt;&lt;/span&gt;

&lt;span class=&quot;nv&quot;&gt;$ &lt;/span&gt;jekyll build &lt;span class=&quot;nt&quot;&gt;--watch&lt;/span&gt;
&lt;span class=&quot;c&quot;&gt;# =&amp;gt; The current folder will be generated into ./_site,&lt;/span&gt;
&lt;span class=&quot;c&quot;&gt;#    watched for changes, and regenerated automatically.&lt;/span&gt;
&lt;/code&gt;&lt;/pre&gt;&lt;/div&gt;&lt;/div&gt;

&lt;h2 id=&quot;directory-structure&quot;&gt;Directory structure&lt;/h2&gt;

&lt;p&gt;Jekyll is, at its core, a text transformation engine. The concept behind the system is this: you give it text written in your favorite markup language, be that Markdown, Textile, or just plain HTML, and it churns that through a layout or a series of layout files. Throughout that process you can tweak how you want the site URLs to look, what data gets displayed in the layout, and more. This is all done through editing text files; the static web site is the final product.&lt;/p&gt;

&lt;p&gt;A basic Jekyll site usually looks something like this:&lt;/p&gt;

&lt;div class=&quot;language-bash highlighter-rouge&quot;&gt;&lt;div class=&quot;highlight&quot;&gt;&lt;pre class=&quot;highlight&quot;&gt;&lt;code&gt;&lt;span class=&quot;nb&quot;&gt;.&lt;/span&gt;
├── _config.yml
├── _data
|   └── members.yml
├── _drafts
|   ├── begin-with-the-crazy-ideas.md
|   └── on-simplicity-in-technology.md
├── _includes
|   ├── footer.html
|   └── header.html
├── _layouts
|   ├── default.html
|   └── post.html
├── _posts
|   ├── 2007-10-29-why-every-programmer-should-play-nethack.md
|   └── 2009-04-26-barcamp-boston-4-roundup.md
├── _sass
|   ├── _base.scss
|   └── _layout.scss
├── _site
├── .jekyll-metadata
└── index.html &lt;span class=&quot;c&quot;&gt;# can also be an 'index.md' with valid YAML Frontmatter&lt;/span&gt;
&lt;/code&gt;&lt;/pre&gt;&lt;/div&gt;&lt;/div&gt;

&lt;h2 id=&quot;front-matter&quot;&gt;Front matter&lt;/h2&gt;

&lt;p&gt;The front matter is where Jekyll starts to get really cool. Any file that contains a YAML front matter block will be processed by Jekyll as a special file. The front matter must be the first thing in the file and must take the form of valid YAML set between triple-dashed lines. Here is a basic example:&lt;/p&gt;

&lt;div class=&quot;language-html highlighter-rouge&quot;&gt;&lt;div class=&quot;highlight&quot;&gt;&lt;pre class=&quot;highlight&quot;&gt;&lt;code&gt;---
layout: post
title: Blogging Like a Hacker
---
&lt;/code&gt;&lt;/pre&gt;&lt;/div&gt;&lt;/div&gt;

&lt;p&gt;Between these triple-dashed lines, you can set predefined variables (see below for a reference) or even create custom ones of your own. These variables will then be available to you to access using Liquid tags both further down in the file and also in any layouts or includes that the page or post in question relies on.&lt;/p&gt;

&lt;p&gt;&lt;img src=&quot;https://images.unsplash.com/photo-1481487196290-c152efe083f5?ixlib=rb-0.3.5&amp;amp;q=80&amp;amp;fm=jpg&amp;amp;crop=entropy&amp;amp;cs=tinysrgb&amp;amp;w=1920&amp;amp;h=1080&amp;amp;fit=crop&amp;amp;s=80308172730757a7db0434987fa985f3&quot; alt=&quot;Example image&quot; /&gt;&lt;/p&gt;

&lt;h2 id=&quot;where-additional-pages-live&quot;&gt;Where additional pages live&lt;/h2&gt;

&lt;p&gt;Where you put HTML or Markdown files for pages depends on how you want the pages to work. There are two main ways of creating pages:&lt;/p&gt;

&lt;ul&gt;
  &lt;li&gt;Place named HTML or Markdown files for each page in your site’s root folder.&lt;/li&gt;
  &lt;li&gt;Place pages inside folders and subfolders named whatever you want.&lt;/li&gt;
&lt;/ul&gt;

&lt;p&gt;Both methods work fine (and can be used in conjunction with each other), with the only real difference being the resulting URLs. By default, pages retain the same folder structure in &lt;code class=&quot;language-plaintext highlighter-rouge&quot;&gt;_site&lt;/code&gt; as they do in the source directory.&lt;/p&gt;</content><author><name></name></author><category term="technology" /><category term="education" /><summary type="html">magna vivamus varius. Faucibus vestibulum faucibus elementum vulputate suscipit. Sit convallis litora nunc, vestibulum nibh tincidunt, in qui vel dui elit feugiat nulla, vehicula</summary></entry></feed>